{"assets/active_switch.png":["assets/active_switch.png"],"assets/app_logo.png":["assets/app_logo.png"],"assets/app_logo.svg":["assets/app_logo.svg"],"assets/app_logo2.png":["assets/app_logo2.png"],"assets/apple_icon.png":["assets/apple_icon.png"],"assets/arrow_back.png":["assets/arrow_back.png"],"assets/baby-yoda.png":["assets/baby-yoda.png"],"assets/baby_yoda_placeholder.png":["assets/baby_yoda_placeholder.png"],"assets/confirm_order_page_cat_icon.svg":["assets/confirm_order_page_cat_icon.svg"],"assets/crochet_seller_icon.png":["assets/crochet_seller_icon.png"],"assets/crochet_seller_icon.svg":["assets/crochet_seller_icon.svg"],"assets/crochet_shop_icon.svg":["assets/crochet_shop_icon.svg"],"assets/croshez_logo_name.png":["assets/croshez_logo_name.png"],"assets/croshez_logo_name.svg":["assets/croshez_logo_name.svg"],"assets/delete-icon.png":["assets/delete-icon.png"],"assets/empty_product_icon.png":["assets/empty_product_icon.png"],"assets/empty_products_icon.png":["assets/empty_products_icon.png"],"assets/gallery-icon.png":["assets/gallery-icon.png"],"assets/google_icon.png":["assets/google_icon.png"],"assets/google_icon.svg":["assets/google_icon.svg"],"assets/home_icon.svg":["assets/home_icon.svg"],"assets/hook_icon.png":["assets/hook_icon.png"],"assets/logo.svg":["assets/logo.svg"],"assets/logo_downward_hook.svg":["assets/logo_downward_hook.svg"],"assets/logo_downward_needle.png":["assets/logo_downward_needle.png"],"assets/logo_upward_hook.svg":["assets/logo_upward_hook.svg"],"assets/logo_upward_needle.png":["assets/logo_upward_needle.png"],"assets/logo_yarn.png":["assets/logo_yarn.png"],"assets/logo_yarn.svg":["assets/logo_yarn.svg"],"assets/marketplace.png":["assets/marketplace.png"],"assets/marketplace.svg":["assets/marketplace.svg"],"assets/product_detail_photo.png":["assets/product_detail_photo.png"],"assets/profile_avatar.png":["assets/profile_avatar.png"],"assets/profile_avatar_without_camera.png":["assets/profile_avatar_without_camera.png"],"assets/profile_pic.png":["assets/profile_pic.png"],"assets/radio_button_checked.png":["assets/radio_button_checked.png"],"assets/radio_button_unchecked.png":["assets/radio_button_unchecked.png"],"assets/selected_check_mark.png":["assets/selected_check_mark.png"],"assets/shopping_cart.png":["assets/shopping_cart.png"],"assets/shopping_cart.svg":["assets/shopping_cart.svg"],"assets/store_ready_cat_logo.svg":["assets/store_ready_cat_logo.svg"],"assets/tag_icon.png":["assets/tag_icon.png"],"assets/unactive_switch.png":["assets/unactive_switch.png"],"assets/unselected_check_mark.png":["assets/unselected_check_mark.png"],"assets/welcome_page_logo.png":["assets/welcome_page_logo.png"],"assets/welcome_page_logo.svg":["assets/welcome_page_logo.svg"],"packages/cupertino_icons/assets/CupertinoIcons.ttf":["packages/cupertino_icons/assets/CupertinoIcons.ttf"]}